Village,Latitude,Longitude
AKIWAT,16.7234,74.5271
ARJUNWAD,16.7268,74.5322
BORGAON,16.7053,74.4876
CHAND-SHIRADWAD,16.6891,74.4990
CHINCHWAD,16.7123,74.4701
DHARANGUTTI,16.7012,74.4555
JAMBHALI,16.7360,74.5199
JANWAD,16.7198,74.5120
KURUNDWAD,16.6834,74.5971
MANGAVATI,16.7051,74.5588
NANDANI,16.6940,74.5488
RAJAPUR,16.7089,74.5398
SADALGA,16.5620,74.5350
SHAHAPUR,16.7102,74.4950
SHIRATI,16.7325,74.5202
SHIRGUPPI,16.6601,74.5302
SHIROL,16.7369,74.5740
TAKALI,16.7155,74.5255
TERWAD,16.7081,74.5021
UDGAON,16.7040,74.5802