land_area,name,village,taluka,district,irrigation,crop,fertilizer,problems
0.40 Ha,N.K. CHOUGULE,SHIRTI,SHIROL,KOLHAPUR,River,Sugarcane,"Chemical Fertilizer-URIYA-450KG,DAP-400KG,AMONIUM SULPHATE-1OOKG,Pesticides-",YES
2 HA,K.M. PATIL,SHIRTI,SHIROL,KOLHAPUR,River,Sugarcane,"Chemical Fertilizer-IFKI-10KG,URIYA-2OOKG/Pesticides-Korogen-10ml/Weed killer-semprs-1kg,Manure",NO
 0.25 HA,S.B. PATIL,SHIRTI,SHIROL,KOLHAPUR,River,Sugarcane,"Chemical Fertilizer-URIYA-300KG,AMMONIUM SULPHATE-50KG/Pesticides-RIGENT-IL/Weed killer-SEMPRA-1",YES
0.60 HA,B.N. BHOSALE,SHIRTI,SHIROL,KOLHAPUR,River,Sugarcane,"Chemical Fertilizer-DAP-100KG,GANHAK-20KG/Pesticides-Weedmar-11.2/Weed killer-semprs-1kg,manure",YES
0.80 Ha,MAHAE SHIM,SHIRTI,SHIROL,KOLHAPUR,River,Sugarcane,"Chemical Fertilizer-uriya-400kg,ammonium sulphate-50kg/Pesticides-korogen-150ml/Weed killer-sempa,manure",YES
0.70 Ha,J.A. KHAVARE,SHIRTI,SHIROL,KOLHAPUR,River,Sugarcane,"Chemical Fertilizer - DAP-100KG/Weed killer-Weedmat,manure,Green manure,Chicken manure-1 tonn",YES
0.80 Ha,S.A. KADAM,CHINCHWAD,SHIROL,KOLHAPUR,River,Sugarcane,"Chemical Fertilizer-URIYA-100KG,AMMONIUM SULPHATE-25 KG/Pesticides-RIGENT/Weed killer-sempra-1/2",NO
0.20 Ha,P. D. DHEKLE,GHALWAD,SHIROL,KOLHAPUR,River,Sugarcane,"Chemical fertilizer-URIYA-250KG,AMMONIUM SULPHATE-100KG/Pesticides-RIGENT/Weed killer-SEMPRA",YES
0.80 Ha,D. D.  DHEKLE,GHALWAD,SHIROL,KOLHAPUR,River,Sugarcane,"Chemical Fertilizer-GANHAK-20KG,SUPER PHOSFATE-300KG/Pesticides-KOROGEN-150ML/Weed killer-GYAYKOSEE",YES
0.80 Ha,R.B. PARIT,GHALWAD,SHIROL,KOLHAPUR,River,Sugarcane,"Chemical fertilizer-POTATH-200KG,DAP-300KG/Pesticides-RIGENT/Weed killer-SEMPRA",YES
0.51 Ha,A.M. MUZAWAR,GHALWAD,SHIROL,KOLHAPUR,River,Sugarcane,"Chemical Fertilizer-uriya-400kg,ammonium sulphate-100kg/Pesticides-korogen-150ML/Weed killer-gyaycosee-2li",YES
0.80Ha,S.G. PHADNATE,GHALWAD,SHIROL,KOLHAPUR,River,Sugarcane,"Chemical Fertilizer-uriya-100kg,ammonium sulphate-100kg/Pesticides-Rigent-1/12/Weed killer-Sempra-1/12",YES
0.2OHa,A.G. KADADE,GHALWAD,SHIROL,KOLHAPUR,River,Sugarcane,Chemical Fertilizer-Super coscate-150m/Pesticides-korogen-150ML/Weed killer-Weedmat-2l,YES
1 Ha,D.D. MEDLIK,GHALWAD,SHIROL,KOLHAPUR,River,Sugarcane,"Chemical fertilizer-Super coscate-150m/Pesticides-Rigent/Weed killer-Weedmat-1,1/2",NO
0.6Ha,S.A. PHADNATE,GHALWAD,SHIROL,KOLHAPUR,River,Sugarcane,"Chemical Fertilizer-URIYA-250KG,DAP-100KG,/Pesticides-Rigent-10KG/Weed killer-Weedmat-1,1/2",YES
0.80Ha,J.B. PATIL,GHALWAD,SHIROL,KOLHAPUR,River,Sugarcane,"Chemical Fertilizer-URIYA-200KG,DAP-350/Weed killer-Weedmat",NO
1Ha,A.A PATIL,KUTWAD,SHIROL,KOLHAPUR,River,Sugarcane,"Chemical Fertilizer-URIYA-200KG,DAP-350/Weed killer-Weedmat-1,1/2,Manure",NO
2Ha,P.B.PATIL,KUTWAD,SHIROL,KOLHAPUR,River,Sugarcane,"Chemical Fertilizer-URIYA-150KG,DAP-100/Weed killer-Weedmat/manure",NO
0.40Ha,V.B. PATIL,KUTWAD,SHIROL,KOLHAPUR,River,Sugarcane,"Chemical Fertilizer-URIYA-200KG,DAP-200/Weed killer-Weedmat/Pesticides-Korogen-150ml",YES
2Ha,B.A. PATIL,KUTWAD,SHIROL,KOLHAPUR,River,Sugarcane,"Chemical Fertilizer-uriya-400kg,ammonium sulphate-50kg/Pesticides-korogen-150ml/Weed killer-sempra,manure",YES
2Ha,S.S. PATIL,KUTWAD,SHIROL,KOLHAPUR,River,Sugarcane,"Chemical Fertilizer-uriya-450kg,ammonium sulphate-100kg/Pesticides-korogen-150ml/Weed killer-sempra,manure",YES
2Ha,R.R PATIL,HASUR,SHIROL,KOLHAPUR,River,Sugarcane,"Chemical Fertilizer-uriya-300kg,ammonium sulphate-100kg/Pesticides-Rigent/Weed killer-sempra,manure",YES
0.60Ha,K.A. CHOUGULE,HASUR,SHIROL,KOLHAPUR,River,Sugarcane,"Chemical Fertilizer-uriya-360kg,ammonium sulphate-190kg/Pesticides-Rigent/Weed killer-sempra,manure",YES
2Ha,S.R.PATIL,HASUR,SHIROL,KOLHAPUR,River,Sugarcane,"Chemical Fertilizer-uriya-400kg,Manure",NO
1.5Ha,S.S. CHOUGULE,HASUR,SHIROL,KOLHAPUR,River,Sugarcane,"Chemical Fertilizer-uriya-300kg,DAP-200KG/Pesticides-Rigent/Weed killer-sempra,manure",YES
0.40Ha,A.S. PATIL,HASUR,SHIROL,KOLHAPUR,River,Sugarcane,"Chemical Fertilizer-uriya-400kg,DAP-400KG,Manure",YES
1.2Ha,J.U.PATIL,HASUR,SHIROL,KOLHAPUR,River,Sugarcane,"Chemical Fertilizer-DAP-100KG/Pesticides-Rigent/Weed killer-sempra,manure",YES
0.40Ha,M.A. BURAN,KANWAD,SHIROL,KOLHAPUR,River,Sugarcane,Chemical Fertilizer-uriya-300kg/Pesticides-Rigent/Weed killer-sempra,NO
0.60Ha,S.R.PATED,KANWAD,SHIROL,KOLHAPUR,River,Sugarcane,"Chemical Fertilizer-uriya-100kg,DAP-50KG/Pesticides-Rigent/Weed killer-sempra",YES
0.20Ha,D.K.PATIL,KANWAD,SHIROL,KOLHAPUR,River,Sugarcane,"Chemical Fertilizer-uriya-100kg,DAP-100KG/Pesticides-Rigent/Weed killer-sempra",YES
0.50Ha,K.S.JADHAV,KANWAD,SHIROL,KOLHAPUR,River,Sugarcane,"Chemical Fertilizer-uriya-100kg,DAP-50KG/Pesticides-Rigent/Weed killer-sempra,Manure",YES
0.40Ha,N.R.JADHAV,KANWAD,SHIROL,KOLHAPUR,River,Sugarcane,"Chemical Fertilizer-uriya-400kg,DAP-100KG/Pesticides-Rigent/Weed killer-sempra,Manure",YES
0.40Ha,A.S.KOMBDE,KANWAD,SHIROL,KOLHAPUR,River,Sugarcane,Chemical Fertilizer-uriya-350kg,NO
0.40Ha,S.A.NARGUCHE,KANWAD,SHIROL,KOLHAPUR,River,Sugarcane,"Chemical Fertilizer-uriya-200kg,DAP-160KG/Pesticides-Rigent/Weed killer-sempra,Manure",YES
0.82Ha,S.G.BIRNADE,KANWAD,SHIROL,KOLHAPUR,River,Sugarcane,"Chemical Fertilizer-uriya-200kg,DAP-200KG/Pesticides-Rigent/Weed killer-sempra,Manure",YES
0.80Ha,I.G.PATED,KANWAD,SHIROL,KOLHAPUR,River,Sugarcane,"Chemical Fertilizer-uriya-100kg,DAP-50KG/Pesticides-Rigent/Weed killer-sempra,Manure",YES
0.82Ha,S.G.BIRWADE,KANWAD,SHIROL,KOLHAPUR,River,Sugarcane,"Chemical Fertilizer-uriya-200kg,DAP-100KG/Pesticides-Rigent/Weed killer-sempra,Manure",NO
1.4Ha,R.J.MANGAVE,KANWAD,SHIROL,KOLHAPUR,River,Sugarcane,"Chemical Fertilizer-uriya-400kg,DAP-100KG/Pesticides-Rigent/Weed killer-sempra,Manure",YES
0.40Ha,P.P.AAVTI,SHIRTI,SHIROL,KOLHAPUR,River,Sugarcane,"Chemical Fertilizer-uriya-200kg,DAP-200KG/Pesticides-Rigent/Weed killer-sempra,Manure",YES
0.40Ha,K.P.AAVTI,SHIRTI,SHIROL,KOLHAPUR,River,Sugarcane,"Chemical Fertilizer-uriya-200kg,DAP-100KG/Pesticides-Rigent/Weed killer-sempra,Manure",YES
0.40Ha,V.M.AAVTI,SHIRTI,SHIROL,KOLHAPUR,River,Sugarcane,"Chemical Fertilizer-uriya-100kg,DAP-100KG/Pesticides-Rigent/Weed killer-sempra,Manure",NO
0.25Ha,T.P.GAVE,SHIROL,SHIROL,KOLHAPUR,River,Sugarcane,"Chemical Fertilizer-uriya-200kg,DAP-250KG/Pesticides-Rigent/Weed killer-sempra,Manure",YES
0.30Ha,K.A.SHETTY,SHIROL,SHIROL,KOLHAPUR,"River,Well,bor",Sugarcane,"Chemical Fertilizer-uriya-200kg,DAP-250KG/Pesticides-Rigent/Weed killer-sempra,Manure",YES
1.2Ha,N.S.SHETTY,SHIROL,SHIROL,KOLHAPUR,"River,Well,bor",Sugarcane,"Chemical Fertilizer-uriya-200kg,DAP-250KG/Pesticides-Rigent/Weed killer-sempra,Manure",YES
1.2Ha,V.G.SHETTY,SHIROL,SHIROL,KOLHAPUR,"River,Well,bor",Sugarcane,"Chemical Fertilizer-uriya-200kg,DAP-250KG/Pesticides-Rigent/Weed killer-sempra,Manure",
0.60Ha,N.B.SHETTY,SHIROL,SHIROL,KOLHAPUR,"River,Well,bor","Sugarcane,Vegetables","Chemical Fertilizer-uriya-200kg,DAP-250KG/Pesticides-Rigent/Weed killer-sempra,Manure",NO
3.10Ha,A.G.SHETTY,SHIROL,SHIROL,KOLHAPUR,"River,Well,bor",Sugarcane,"Chemical Fertilizer-uriya-200kg,/Pesticides-Rigent/Weed killer-sempra,Manure",YES
