State,District,Block,Scheme,Cycle,n_High,n_Medium,n_Low,p_High,p_Medium,p_Low,k_High,k_Medium,k_Low,OC_High,OC_Medium,OC_Low,pH_Alkaline,pH_Acidic,pH_Neutral,EC_NonSaline,EC_Saline,S_Sufficient,S_Deficient,Fe_Sufficient,Fe_Deficient,Zn_Sufficient,Zn_Deficient,Cu_Sufficient,Cu_Deficient,B_Sufficient,B_Deficient,Mn_Sufficient,Mn_Deficient
AJARA,KOLHAPUR,AJARA,,2025-26,1,108,1218,950,192,185,481,616,230,343,584,400,0,643,684,1317,10,413,914,1282,45,1226,101,1327,0,638,689,1327,0
BHUDARGAD,KOLHAPUR,BHUDARGAD,,2025-26,12,67,1101,1018,123,39,639,430,111,311,387,482,0,577,603,1178,2,203,977,1120,60,918,262,1179,1,472,708,1179,1
CHANDGAD,KOLHAPUR,CHANDGAD,,2025-26,2,135,1374,1290,113,108,835,579,97,323,506,682,0,897,614,1505,6,520,991,1454,57,1079,432,1510,1,622,889,1510,1
GADHINGLAJ,KOLHAPUR,GADHINGLAJ,,2025-26,1,42,1314,874,237,246,744,493,120,277,534,546,0,53,1304,1348,9,207,1150,1039,318,1228,129,1357,0,691,666,1355,2
GAGAN BAVADA,KOLHAPUR,GAGAN BAVADA,,2025-26,0,89,251,311,16,13,113,217,10,273,25,42,0,261,79,333,7,338,2,274,66,250,90,340,0,339,1,332,8
HATKANANGALE,KOLHAPUR,HATKANANGALE,,2025-26,0,26,1516,1520,7,15,720,742,80,1367,129,46,51,49,1442,1480,62,1491,51,235,1307,6,1536,548,994,1538,4,1535,7
KAGAL,KOLHAPUR,KAGAL,,2025-26,21,377,926,1263,45,16,629,673,22,933,227,164,1,123,1200,1324,0,1309,15,582,742,1225,99,1323,1,1283,41,1178,146
KARVEER,KOLHAPUR,KARVEER,,2025-26,1196,304,43,1124,358,61,703,647,193,868,408,267,1,115,1427,1530,1,1401,140,1255,288,1438,105,1543,0,1536,7,1534,9
PANHALA,KOLHAPUR,PANHALA,,2025-26,0,0,1056,1019,14,23,512,495,49,729,215,112,0,0,1056,1055,1,1,1055,552,504,1011,45,1037,19,1030,25,966,90
RADHANAGARI,KOLHAPUR,RADHANAGARI,,2025-26,978,960,126,1322,714,28,1164,578,322,1617,382,65,0,489,1575,2043,1,1897,166,2019,45,1970,94,2064,0,1989,75,2058,6
SHAHUWADI,KOLHAPUR,SHAHUWADI,,2025-26,0,155,1316,1382,68,21,287,1101,83,1054,251,166,0,691,780,1470,1,1471,0,837,634,710,761,1468,3,1461,10,1376,95
SHIROL,KOLHAPUR,SHIROL,,2025-26,0,120,827,843,4,100,183,685,79,730,82,135,36,0,911,905,42,782,165,205,742,8,939,370,576,928,19,947,0